{
  "playbook": "./playbooks/linux_edr_check.yml",
  "inventory": "./playbooks/linux_inventory.ini",
  "extra_vars": "target_hosts=all script_source=linux_edr_check.sh script_destination=$HOME/linux_edr_check.sh script_arg=069542312181" ,
  "postrun_script" : "linux_edr_check.py",
  "postrun_script_args" : [
	  {
		  "SentionelOne_ApiToken":"rm28VBCQWhxqtvW0CNh8TO4Z2eRzD7iJKAheNlHTLEsxBMX40k3DwczItNDyb8lxP5X5tEDBT9CxFZdH",
		  "SentionelOneX_APIKey":"14ogQ9j3GF3so0w47I6UB7noqNleUbwz9cUttDUN"
	  }
  ],
  "debug" : true
}
