<?xml version="1.0" encoding="UTF-8"?>
<project xsi:schemaLocation="http://maven.apache.org/POM/4.0.0 https://maven.apache.org/xsd/maven-4.0.0.xsd" xmlns="http://maven.apache.org/POM/4.0.0"
    xmlns:xsi="http://www.w3.org/2001/XMLSchema-instance">
  <modelVersion>4.0.0</modelVersion>
  <groupId>com.kimaya</groupId>
  <artifactId>flyweb</artifactId>
  <version>${version.major}.${version.minor}.${version.rev}-88d3f490f69d9bf5f9ef2d4e92e1fb2655d847fd</version>
  <licenses>
    <license>
      <name>Apache License, Version 2.0</name>
      <url>https://www.apache.org/licenses/LICENSE-2.0</url>
    </license>
  </licenses>
  <dependencies>
    <dependency>
      <groupId>org.mapstruct</groupId>
      <artifactId>mapstruct</artifactId>
      <version>1.6.3</version>
      <scope>compile</scope>
    </dependency>
    <dependency>
      <groupId>org.mapstruct</groupId>
      <artifactId>mapstruct-processor</artifactId>
      <version>1.6.3</version>
      <scope>compile</scope>
    </dependency>
    <dependency>
      <groupId>io.jsonwebtoken</groupId>
      <artifactId>jjwt-api</artifactId>
      <version>0.11.5</version>
      <scope>compile</scope>
    </dependency>
    <dependency>
      <groupId>io.jsonwebtoken</groupId>
      <artifactId>jjwt-impl</artifactId>
      <version>0.11.5</version>
      <scope>compile</scope>
    </dependency>
    <dependency>
      <groupId>io.jsonwebtoken</groupId>
      <artifactId>jjwt-jackson</artifactId>
      <version>0.11.5</version>
      <scope>compile</scope>
    </dependency>
    <dependency>
      <groupId>org.springframework.security</groupId>
      <artifactId>spring-security-oauth2-client</artifactId>
      <version>6.4.2</version>
      <scope>compile</scope>
    </dependency>
    <dependency>
      <groupId>org.springframework.boot</groupId>
      <artifactId>spring-boot-starter-oauth2-authorization-server</artifactId>
      <version>3.4.1</version>
      <scope>compile</scope>
    </dependency>
    <dependency>
      <groupId>org.springframework.security</groupId>
      <artifactId>spring-security-oauth2-jose</artifactId>
      <version>6.4.2</version>
      <scope>compile</scope>
    </dependency>
    <dependency>
      <groupId>com.google.api-client</groupId>
      <artifactId>google-api-client</artifactId>
      <version>2.0.0</version>
      <scope>compile</scope>
    </dependency>
    <dependency>
      <groupId>com.google.oauth-client</groupId>
      <artifactId>google-oauth-client-jetty</artifactId>
      <version>1.37.0</version>
      <scope>compile</scope>
    </dependency>
    <dependency>
      <groupId>com.microsoft.azure</groupId>
      <artifactId>msal4j</artifactId>
      <version>1.18.0</version>
      <scope>compile</scope>
    </dependency>
    <dependency>
      <groupId>org.springframework.boot</groupId>
      <artifactId>spring-boot-devtools</artifactId>
      <version>3.4.1</version>
      <scope>runtime</scope>
      <optional>true</optional>
    </dependency>
    <dependency>
      <groupId>org.postgresql</groupId>
      <artifactId>postgresql</artifactId>
      <version>42.7.5</version>
      <scope>runtime</scope>
    </dependency>
    <dependency>
      <groupId>org.springframework.boot</groupId>
      <artifactId>spring-boot-starter-validation</artifactId>
      <version>3.4.1</version>
      <scope>compile</scope>
    </dependency>
    <dependency>
      <groupId>org.springframework.boot</groupId>
      <artifactId>spring-boot-starter-data-jpa</artifactId>
      <version>3.4.1</version>
      <scope>compile</scope>
    </dependency>
    <dependency>
      <groupId>org.springframework.boot</groupId>
      <artifactId>spring-boot-starter-security</artifactId>
      <version>3.4.1</version>
      <scope>compile</scope>
    </dependency>
    <dependency>
      <groupId>org.springframework.boot</groupId>
      <artifactId>spring-boot-starter-web</artifactId>
      <version>3.4.1</version>
      <scope>compile</scope>
    </dependency>
    <dependency>
      <groupId>org.projectlombok</groupId>
      <artifactId>lombok</artifactId>
      <version>1.18.36</version>
      <scope>provided</scope>
    </dependency>
    <dependency>
      <groupId>org.springframework.boot</groupId>
      <artifactId>spring-boot-starter-actuator</artifactId>
      <version>3.4.1</version>
      <scope>compile</scope>
    </dependency>
  </dependencies>
  <repositories>
    <repository>
      <id>shibboleth-repo</id>
      <name>Shibboleth Maven Repository</name>
      <url>https://build.shibboleth.net/maven/releases/</url>
    </repository>
  </repositories>
</project>
